<configuration debug="true">
    <appender name="ERROR_FILE" class="ch.qos.logback.core.rolling.RollingFileAppender">
        <file>logs/expenseTrackerErrors.log</file>
        <encoder>
            <pattern>%d{HH:mm:ss.SSS} [%thread] %-5level %logger{36} - %msg%n</pattern>
        </encoder>
        <rollingPolicy class="ch.qos.logback.core.rolling.TimeBasedRollingPolicy">
            <fileNamePattern>logs/expenseTrackerErrors-%d{yyyy-MM-dd}.log</fileNamePattern>
            <maxHistory>30</maxHistory>
        </rollingPolicy>
        <filter class="ch.qos.logback.classic.filter.ThresholdFilter">
            <level>ERROR</level>
        </filter>
    </appender>

    <logger name="com.efficient.expenseTracker" level="ERROR" additivity="false">
        <appender-ref ref="ERROR_FILE"/>
    </logger>

    <appender name="CONSOLE" class="ch.qos.logback.core.ConsoleAppender">
        <encoder>
            <pattern>%green(%d{HH:mm:ss.SSS}) %blue(%-5level) %red([%thread]) %yellow(%logger{15}) - %msg%n</pattern>
        </encoder>
    </appender>

    <logger name="com.efficient.expenseTracker" level="DEBUG" additivity="false">
        <appender-ref ref="CONSOLE"/>
        <appender-ref ref="ERROR_FILE"/>
    </logger>

    <root level="INFO">
        <appender-ref ref="CONSOLE"/>
    </root>
</configuration>